1,Midnight Mixtape,1,33,34
2,Chill Vibes,2,21,22,23,24,25,26,27
3,Beatlemania Bonanza,3,5,6,7,8,9,10,11,12,13
4,Michael's Melodies,4,23,24,25,26,27,28,29,30,31
5,Emily's Euphoria,5,38,39,40,1,2,3,4,5,6,7
6,Sarah's Serenade,1,14,15
7,David's Drive,2,1,2,3,4,5,6,7,8
8,Olivia's Odyssey,3,18,19,20
9,Michael's Mix,4,33,34,35,36,37
10,Emily's Ensemble,5,8,9,10,11,12,13,14,15
11,Sarah's Summer Mix,1,21,22,23,24,25,26,27
12,David's Dynamic Playlist,2,28,29,30,31,32,33,34,35
13,Olivia's Outrageous Overture,3,1,2,3,4,5,6
14,Michael's Melodic Journey,4,37,38,39,40,1,2,3
15,Emily's Eclectic Experience,5,7,8,9,10,11,12,13,14,15,16
16,Sarah's Selection,1,37,38,39,40,1,2,3,4,5
17,David's Diverse Ditties,2,17,18,19,20,21,22,23,24
18,Olivia's Orchestral Odyssey,3,29,30,31,32,33,34,35,36,37
19,Michael's Musical Medley,4,10,11,12,13,14,15,16
20,Emily's Euphoric Ensemble,5,25,26,27,28,29,30,31
21,Sarah's Symphony,1,20,21,22,23,24,25,26,27,28,29
22,David's Dancefloor Delights,2,30,31,32,33,34,35,36,37,38
23,Olivia's Opus,3,5,6,7,8,9,10,11,12,13,14
24,Michael's Magical Mix,4,16,17,18,19,20,21,22,23,24,25
25,Emily's Enigma,5,1,2,3,4,5,6,7,8,9,10
26,Sarah's Sunshine Mix,1,11,12,13,14,15,16,17,18,19,20
27,David's Dazzling Tunes,2,26,27,28,29,30,31,32,33,34
28,Olivia's Outlandish Opera,3,6,7,8,9,10,11,12
29,Michael's Melodic Marvels,4,30,31,32,33,34,35,36,37,38,39
30,Emily's Ecstatic Experience,5,13,14,15,16,17,18,19,20,21
31,Sarah's Summer Serenade,1,35,36,37,38,39,40
32,David's Dynamic Symphony,2,19,20,21,22,23,24,25
33,Olivia's Opulent Orchestra,3,29,30,31,32,33,34,35,36,37,38
34,Michael's Musical Mosaic,4,12,13,14,15,16,17,18,19,20,21
35,Emily's Epic Ensemble,5,26,27,28,29,30,31,32,33,34,35
36,Sarah's Serene Selection,1,14,15,16,17,18,19,20
37,David's Diverse Dancefloor,2,1,2,3,4,5,6,7,8,9
38,Olivia's Orchestral Opus,3,37,38,39,40,1,2,3,4,5,6
39,Michael's Musical Marathon,4,17,18,19,20,21,22,23,24,25,26
40,Emily's Enigmatic Mix,5,36,37,38,39,40
41,Sarah's Sunshine Symphony,1,27,28,29,30,31,32,33,34,35,36
42,David's Dynamic Dancefloor,2,10,11,12,13,14,15,16
43,Olivia's Outlandish Opera,3,17,18,19,20,21,22,23,24
44,Michael's Musical Melange,4,8,9,10,11,12,13,14,15,16,17
45,Emily's Enchanting Melodies,5,20,21,22,23,24,25,26,27,28
46,Sarah's Sensational Selection,1,7,8,9,10,11,12,13,14,15
47,David's Dazzling Dancefloor,2,29,30,31,32,33,34,35,36,37,38
48,Olivia's Opulent Overture,3,3,4,5,6,7,8,9,10
49,Michael's Musical Mixtape,4,18,19,20,21,22,23,24,25
50,Emily's Eclectic Ensemble,5,32,33,34,35,36,37,38,39,40